,ID,1_num,1_score,1_mark,2_num,2_score,2_mark,3_num,3_score,3_mark,imp,group1,group2,group3,group4,imp_check
0,sm17961470,138.0,0.7990602470215918,1.0,351.0,0.8562449943209122,1.0,39.0,0.858475612468362,1.0,2,1,1,6,2,1
1,sm12419220,222.0,0.8494004649722044,1.0,336.0,0.8698485857480585,1.0,259.0,0.8755733721697344,1.0,0,7,0,1,2,1
2,sm5430176,448.0,0.550826868539974,1.0,252.0,0.6896236547665467,1.0,481.0,0.803534167088197,1.0,3,1,0,2,7,1
3,so15281450,217.0,0.9219899395373312,0.0,50.0,0.9576279979438194,1.0,143.0,0.9865054656336352,1.0,1,3,7,0,0,1
4,sm2069100,152.0,0.9318017080229224,0.0,36.0,1.0232783554696034,0.0,404.0,1.0252463003860106,1.0,1,1,9,0,0,1
5,so23867610,9.0,0.3803966396808496,1.0,55.0,0.4957051099939026,1.0,338.0,0.9498048689505972,1.0,1,3,4,3,0,1
6,sm19817730,42.0,0.8252332018630335,1.0,40.0,0.9851387603164748,1.0,181.0,1.0637756941404086,0.0,0,8,0,2,0,1
7,sm16601690,333.0,0.7847500935697507,1.0,328.0,0.8248854484281505,1.0,372.0,0.9568601161798184,1.0,0,0,0,0,0,0
8,sm17241370,118.0,1.0320892377886457,1.0,15.0,1.0396450917384528,0.0,89.0,1.0531336995710283,0.0,0,8,2,0,0,1
9,so27026038,5.0,0.3803966396808496,1.0,55.0,0.5026409406358642,1.0,162.0,0.9256615063838376,0.0,1,2,6,2,0,1
10,sm5600850,246.0,0.9535111845859218,0.0,444.0,0.9647812870178748,1.0,138.0,0.9901362318274516,0.0,2,1,1,6,2,1
11,sm24957940,166.0,0.8832993425277637,1.0,261.0,0.8856730285470108,1.0,468.0,0.8972379453042668,1.0,2,0,2,8,0,1
12,sm13722470,323.0,0.7551688944823975,1.0,45.0,0.7729482742663952,1.0,263.0,0.8682117124590403,1.0,0,6,3,0,1,1
13,sm10306280,402.0,0.7163837205068018,0.0,206.0,0.8381164136653478,0.0,326.0,0.9233011073800644,0.0,2,1,0,6,3,1
14,sm27137010,64.0,0.6289544630152704,1.0,447.0,0.8223348385290833,1.0,169.0,0.8283012436416578,1.0,0,10,0,0,0,1
15,sm24106810,106.0,0.5535926221801379,1.0,338.0,0.5659172280887211,1.0,31.0,0.8178565680462075,1.0,1,4,6,0,0,1
16,sm22887980,247.0,0.835472904288809,1.0,125.0,0.8490478463736729,1.0,136.0,0.9117499349429956,1.0,1,0,8,1,1,1
17,sm841041,337.0,0.8627277565935038,1.0,349.0,0.8705483608596594,1.0,77.0,0.8766912951211963,1.0,2,1,0,8,1,1
18,sm18682960,346.0,0.9475838504649552,1.0,402.0,0.9798920136289818,1.0,398.0,0.9875715622978216,1.0,1,3,5,2,0,1
19,sm5664150,495.0,0.7651112473777254,1.0,354.0,0.8029186885265206,1.0,498.0,0.8764875665506698,1.0,3,2,0,2,6,1
20,so21334230,74.0,0.5899813294326416,1.0,467.0,0.7527342171571637,1.0,223.0,0.8368687407124473,1.0,0,6,4,0,0,1
21,sm1842140,44.0,0.9289122457730165,1.0,25.0,1.0063728090513837,0.0,27.0,1.019688661243182,1.0,2,3,0,7,0,1
22,sm31978460,140.0,0.7500588213036595,1.0,440.0,0.8050959779994558,1.0,382.0,0.8079028935616518,1.0,0,6,2,1,1,1
23,sm20900240,33.0,0.6790438060971529,1.0,73.0,0.8180372715261865,1.0,478.0,0.8757300714436106,1.0,2,3,2,5,0,1
24,sm22078450,137.0,0.804104380496437,1.0,465.0,0.8148692444813531,1.0,358.0,0.8322336514196065,1.0,0,5,2,3,0,1
25,sm13850060,250.0,0.7153187089037317,1.0,323.0,0.8855328631298162,1.0,302.0,0.92881419682541,1.0,1,2,5,3,0,1
26,sm2120510,387.0,0.9762242621862672,1.0,194.0,0.9890650500801615,1.0,238.0,0.997729164819968,1.0,1,2,6,2,0,1
27,sm7831420,349.0,0.921866230024026,1.0,330.0,0.9333521404584554,0.0,123.0,0.9450915352426252,0.0,2,2,1,6,1,1
28,sm334140,185.0,0.6640100955638664,1.0,217.0,0.8719567691296268,0.0,378.0,0.9281553981161096,1.0,2,3,2,4,1,1
29,sm16620130,116.0,0.8515513086801351,1.0,414.0,0.9627414307919518,1.0,176.0,0.9976668764125352,1.0,0,8,1,1,0,1
30,sm6194690,499.0,0.5476927337256218,1.0,487.0,0.6147004715388538,1.0,417.0,0.7050534441477947,1.0,2,2,2,5,1,1
31,sm23313490,106.0,0.7584042090860404,1.0,15.0,0.8178565680462075,1.0,338.0,0.8715805358873845,1.0,1,2,8,0,0,1
32,sm5206740,291.0,0.8808439809775163,1.0,453.0,0.9835238513548024,0.0,102.0,0.9982582219504286,0.0,0,0,0,0,0,0
33,sm7564290,73.0,0.5947160197888691,1.0,23.0,0.6790438060971529,1.0,478.0,0.7578772632899586,1.0,2,3,2,4,1,1
34,sm36676440,226.0,0.7599104423797471,1.0,143.0,0.961976133897424,1.0,217.0,0.982919793404771,0.0,0,3,2,3,2,1
35,sm27998129,373.0,0.5780501287856208,1.0,334.0,0.5869059289330371,1.0,279.0,0.6212104902743529,1.0,0,0,0,0,0,0
36,sm18393920,101.0,0.8848573329226643,1.0,152.0,0.9541974891052504,0.0,385.0,1.0019461411799602,0.0,0,5,4,1,0,1
37,sm2074910,136.0,0.9749896472789868,1.0,247.0,1.007659926775522,1.0,43.0,1.0153245322173814,0.0,1,4,6,0,0,1
38,sm2024200,277.0,1.0178258339599264,0.0,9.0,1.021726203316484,0.0,364.0,1.036609633957564,0.0,2,2,2,4,2,1
39,sm19856000,246.0,0.7676781035611836,1.0,138.0,0.8033480392098542,1.0,134.0,0.8148429201657105,1.0,1,2,5,2,1,1
40,sm20540100,42.0,0.9757910358035612,1.0,6.0,0.9851387603164748,1.0,438.0,1.0124723472534731,0.0,0,8,0,2,0,1
41,sm22427120,56.0,0.8236261696796885,1.0,81.0,0.8298959500248035,1.0,480.0,1.051488699172889,0.0,1,2,8,0,0,1
42,sm19650590,6.0,0.8252332018630335,1.0,40.0,0.9757910358035612,1.0,289.0,1.0090822059046969,0.0,0,8,2,0,0,1
43,sm1105481,63.0,0.9001166287024474,1.0,17.0,0.9040662724030586,1.0,175.0,0.9669460505014028,1.0,2,3,0,5,2,1
44,sm4902040,21.0,0.9289122457730165,1.0,17.0,0.9704247171115088,1.0,43.0,0.9906140795424072,1.0,2,2,1,6,1,1
45,sm15177710,263.0,0.625542819550101,1.0,323.0,0.7126255060189307,1.0,12.0,0.7729482742663952,1.0,0,6,4,0,0,1
46,sm24142327,254.0,0.919678081839706,1.0,442.0,0.9836695662294624,1.0,229.0,0.9911406223262584,1.0,0,5,0,2,3,1
47,sm16777840,395.0,0.7537984126509477,1.0,367.0,0.8456264861446752,1.0,314.0,0.8928999727487043,1.0,0,8,0,1,1,1
48,sm13125230,332.0,0.9672624680411884,1.0,108.0,1.016569433415823,1.0,221.0,1.0242637065220246,0.0,0,8,0,2,0,1
49,sm18274165,372.0,0.9180901408107588,1.0,328.0,0.9239701842282356,1.0,134.0,0.9333802265385098,0.0,2,1,3,5,1,1
50,sm33086310,23.0,0.944569001303334,1.0,277.0,0.9550032618758808,1.0,3.0,0.9576279979438194,1.0,2,2,3,5,0,1
51,sm35613470,219.0,0.9683202706011672,1.0,287.0,0.9819920366524792,1.0,466.0,1.022324312207928,1.0,2,1,0,8,1,1
52,sm22573210,212.0,0.6470605354662755,1.0,465.0,0.6881795488502224,1.0,358.0,0.704350373975603,1.0,0,8,1,1,0,1
53,sm10521100,439.0,0.836924373205176,1.0,155.0,0.8727447152804451,1.0,166.0,0.8848931617947674,1.0,1,4,5,1,0,1
54,sm27509317,334.0,0.8406559899642119,1.0,35.0,0.8492457922771011,1.0,243.0,0.8565961468768059,1.0,0,0,0,0,0,0
55,so20811229,5.0,0.4957051099939026,1.0,9.0,0.5026409406358642,1.0,338.0,0.9049251405852524,1.0,1,3,6,1,0,1
56,sm24089090,81.0,0.7894003930301982,1.0,41.0,0.8236261696796885,1.0,193.0,0.963091056234652,1.0,1,2,8,0,0,1
57,sm27264240,450.0,0.662656422145456,1.0,314.0,0.7403973142835211,1.0,104.0,0.7988873592405392,1.0,0,7,0,1,2,1
58,sm1261860,152.0,0.9220065128617844,1.0,168.0,1.034349580506512,0.0,304.0,1.0839336940066415,1.0,1,0,7,0,3,1
59,sm20615010,406.0,0.7416259097507095,1.0,457.0,0.8593841653091859,1.0,206.0,0.871877462180485,1.0,1,4,6,0,0,1
60,sm14922560,418.0,0.9109494327900892,1.0,47.0,0.9134922360023136,1.0,210.0,0.9351193642238887,1.0,0,5,1,4,0,1
61,sm21142930,259.0,0.888012237495609,1.0,153.0,0.933107525563464,1.0,459.0,0.9352490021687964,1.0,2,3,1,4,2,1
62,sm24168180,292.0,0.8853551608225892,1.0,211.0,0.898704757655656,1.0,490.0,0.9082171879457568,1.0,0,8,0,1,1,1
63,sm18220165,349.0,0.827493990780106,1.0,261.0,0.880300456775424,1.0,264.0,0.8849642654570377,1.0,2,1,2,6,1,1
64,sm27155810,14.0,0.6289544630152704,1.0,169.0,0.7236458010732814,1.0,489.0,0.7650167390468261,1.0,0,5,1,3,1,1
65,sm23134050,457.0,1.020422558825069,1.0,406.0,1.0215458011459762,1.0,445.0,1.0241422158086224,0.0,2,4,1,5,0,1
66,sm24752440,376.0,0.6202763518552187,1.0,137.0,0.720461706744508,1.0,451.0,0.7412232851951428,1.0,0,7,1,1,1,1
67,sm28345520,251.0,0.979189263837385,1.0,476.0,0.9842063153287336,1.0,361.0,1.0246922239952054,1.0,0,8,2,0,0,1
68,sm13715450,364.0,0.8381263921228417,1.0,488.0,0.8477914404443865,1.0,118.0,1.0010872411419822,1.0,1,2,6,2,0,1
69,sm27283474,119.0,1.0382005805353705,1.0,301.0,1.0740921349418082,0.0,48.0,1.0763704515345769,0.0,0,6,2,0,2,1
70,sm10086900,153.0,0.7089834750134328,1.0,281.0,0.7451784510102243,1.0,117.0,0.8016680651097439,1.0,0,7,0,2,1,1
71,sm29284620,218.0,0.7836331899072081,1.0,458.0,0.863468330641287,1.0,435.0,0.9164575142169046,1.0,3,0,3,1,6,1
72,sm21440120,430.0,0.9445495707707336,1.0,453.0,0.9594369407999104,1.0,115.0,0.964148066015671,1.0,3,3,1,1,5,1
73,sm13406580,33.0,0.5947160197888691,1.0,23.0,0.8180372715261865,1.0,192.0,0.845325191166833,1.0,2,3,1,6,0,1
74,so19124990,20.0,0.5899813294326416,1.0,223.0,0.6560332259440006,1.0,467.0,0.6578125912345939,1.0,0,6,4,0,0,1
75,sm7539110,399.0,0.9123246805498186,1.0,314.0,0.934141376914075,1.0,397.0,0.9715635331935631,1.0,0,5,1,2,2,1
76,sm21075820,497.0,0.9009932158319496,1.0,297.0,0.9020641572912688,1.0,486.0,0.9426336248778612,1.0,2,0,0,8,2,1
77,sm8229390,264.0,0.4834000066235708,1.0,349.0,0.615450761051639,1.0,468.0,0.660255410304482,1.0,2,2,1,6,1,1
78,sm278840,87.0,0.7945583373314054,1.0,43.0,0.9768298794211544,0.0,488.0,0.9981573770567884,0.0,2,4,1,5,0,1
79,sm9014310,382.0,0.9027941084702642,1.0,144.0,0.911670150289869,1.0,473.0,0.933586870515568,1.0,0,7,0,1,2,1
80,sm17536640,351.0,0.7867554357581726,1.0,147.0,0.8382897546924951,1.0,265.0,0.8780962558262677,1.0,1,2,5,1,2,1
81,sm22427900,56.0,0.7894003930301982,1.0,41.0,0.8298959500248035,1.0,461.0,1.0080546731234228,0.0,1,3,7,0,0,1
82,sm25291060,485.0,0.6231083488709674,1.0,441.0,0.7460738817878518,1.0,295.0,0.7796395488152619,1.0,2,1,1,7,1,1
83,sm19216490,80.0,0.9166893419621852,1.0,103.0,0.9357243172494965,1.0,265.0,0.982497822293147,1.0,2,0,2,5,3,1
84,sm1594970,289.0,0.963500724788009,1.0,314.0,0.9777264564205752,1.0,104.0,0.9829443124511452,1.0,2,4,0,5,1,1
85,sm29142390,190.0,0.6114009659045505,1.0,433.0,0.7664166870699723,1.0,177.0,1.013939298178055,1.0,0,5,0,1,4,1
86,sm8157950,359.0,0.9301765368962158,1.0,434.0,0.9332148217469256,1.0,349.0,0.9960147915771128,0.0,2,2,2,4,2,1
87,sm311320,78.0,0.7945583373314054,1.0,109.0,0.966708284636537,1.0,107.0,0.9811773494749352,1.0,0,4,1,3,2,1
88,sm27636229,334.0,0.6395376280468521,1.0,243.0,0.7038933619975904,1.0,35.0,0.7444919093158924,1.0,0,0,0,0,0,0
89,sm22001720,134.0,0.8963025151746227,1.0,114.0,0.9040810582124637,1.0,257.0,0.904557304422605,1.0,3,1,1,3,5,1
90,sm20466740,365.0,0.88870982134011,1.0,285.0,0.9332239769019328,1.0,449.0,0.936952455860313,1.0,0,0,0,0,0,0
91,sm2588210,452.0,1.024066656416928,1.0,194.0,1.0257576911411084,0.0,107.0,1.0340659860290569,0.0,0,10,0,0,0,1
92,sm27544320,163.0,0.8450287595398692,1.0,189.0,0.8746799971655325,1.0,313.0,1.020593700196151,1.0,0,7,2,1,0,1
93,sm15751190,258.0,0.9724414956723164,1.0,432.0,1.0121857137378634,1.0,390.0,1.0288396534362283,1.0,2,1,0,6,3,1
94,sm24438970,252.0,0.8543640805540687,1.0,2.0,0.8788137619255532,1.0,481.0,0.910181301937589,1.0,2,2,3,4,1,1
95,sm25801570,270.0,0.8415249438518658,1.0,401.0,0.8611483881344365,1.0,315.0,0.8867827764534982,1.0,0,5,0,2,3,1
96,sm12772660,410.0,0.8298820070010198,1.0,488.0,0.9929108400592233,0.0,348.0,1.0004329028698242,0.0,0,4,2,1,3,1
97,sm17844660,422.0,0.9756914358629292,1.0,312.0,1.0963466055464892,0.0,249.0,1.100352856029503,0.0,2,3,0,7,0,1
98,sm7162700,153.0,0.8080595932168243,1.0,281.0,0.8250336024847992,1.0,117.0,0.8287212899596612,1.0,0,6,0,2,2,1
99,sm32352047,103.0,0.7294575244262841,1.0,398.0,0.8878194488506139,0.0,379.0,0.9279809347472162,0.0,1,1,7,2,0,1
100,sm30964600,114.0,0.6851715007864562,1.0,217.0,0.7965219395768113,1.0,134.0,0.8134678606063553,1.0,2,1,2,5,2,1
101,sm18502460,36.0,0.8848573329226643,1.0,387.0,1.0721086444292205,0.0,444.0,1.0769516167176556,0.0,1,2,6,2,0,1
102,sm14315840,317.0,0.8117465612146545,1.0,241.0,0.8323554359959736,1.0,111.0,0.8486571902905191,1.0,0,7,0,2,1,1
103,sm24990461,99.0,0.7294575244262841,1.0,339.0,0.7954202999430593,1.0,461.0,0.8480587207617492,1.0,1,1,8,1,0,1
104,sm18277220,314.0,0.5597998186781448,1.0,57.0,0.7988873592405392,1.0,450.0,0.8149664095664885,1.0,0,6,0,2,2,1
105,sm24216260,120.0,0.8476555367568868,1.0,282.0,0.947415903210898,1.0,90.0,1.0020011310503365,0.0,0,6,0,2,2,1
106,sm21291060,15.0,0.5535926221801379,1.0,338.0,0.6757644935099859,1.0,31.0,0.7584042090860404,1.0,1,3,6,0,1,1
107,sm472410,126.0,0.6292489765812453,1.0,267.0,0.7359565927742537,1.0,215.0,0.8537380913741109,0.0,0,0,0,0,0,0
108,sm619760,170.0,0.9844441256187354,0.0,48.0,1.016569433415823,1.0,205.0,1.0426329686989997,0.0,0,8,0,2,0,1
109,sm6580450,321.0,0.7986586528164085,1.0,126.0,0.8373124105520655,1.0,215.0,0.8418544938399463,1.0,2,0,3,7,0,1
110,sm25424040,211.0,0.842205834413551,1.0,460.0,0.9083139969138696,1.0,305.0,0.9088496422008664,1.0,0,7,1,1,1,1
111,sm16456520,210.0,0.8317374586616626,1.0,102.0,0.8486571902905191,1.0,317.0,0.9197049530012746,1.0,0,6,0,1,3,1
112,sm8904189,153.0,0.7918822224422721,1.0,222.0,0.8435079019678584,1.0,70.0,0.871811579577541,1.0,0,8,0,0,2,1
113,sm24968970,378.0,0.9817398999349116,1.0,461.0,1.007442736988492,0.0,13.0,1.009680303145666,0.0,2,1,0,6,3,1
114,sm29520630,100.0,0.6851715007864562,1.0,134.0,0.7125170891223166,1.0,138.0,0.7647241574477861,1.0,1,0,6,1,3,1
115,sm14534480,369.0,0.9105575635205536,1.0,311.0,0.9111885590506796,1.0,221.0,0.961151662794588,1.0,0,6,0,2,2,1
116,sm21372190,29.0,0.8515513086801351,1.0,414.0,0.9167829457232476,1.0,207.0,0.9917766878285814,0.0,0,8,0,2,0,1
117,sm25461280,153.0,0.7214031127384526,1.0,70.0,0.8016680651097439,1.0,259.0,0.8077233233870423,1.0,0,6,0,2,2,1
118,sm9063970,277.0,0.8537397786262081,1.0,310.0,0.919374548053688,1.0,230.0,0.9375814792365976,1.0,2,3,1,6,0,1
119,sm20036450,201.0,0.932896119854308,1.0,130.0,0.9473103904772678,1.0,20.0,0.9868846902397638,0.0,0,5,5,0,0,1
120,sm24934550,105.0,0.8476555367568868,1.0,282.0,1.0068581391828326,1.0,489.0,1.033173118706951,1.0,0,8,0,2,0,1
121,sm26854230,268.0,0.8462744855795244,1.0,427.0,0.8830776709542294,1.0,235.0,0.9080429779294552,1.0,3,4,0,0,6,1
122,sm30590420,193.0,0.5007770024627743,1.0,220.0,0.9017920992189924,1.0,340.0,0.9848373310263724,0.0,1,3,7,0,0,1
123,sm7882150,330.0,0.7789512442040663,0.0,39.0,0.8166234539554703,1.0,246.0,0.8368031169064049,1.0,0,5,2,3,0,1
124,sm4090650,188.0,1.039906032614084,1.0,311.0,1.0472241383269836,0.0,446.0,1.0517306219014393,0.0,0,4,3,2,1,1
125,sm4622890,209.0,0.823393596214666,1.0,16.0,0.8490478463736729,1.0,63.0,0.9113068208223026,1.0,2,3,0,4,3,1
126,sm8447870,107.0,0.6292489765812453,1.0,267.0,0.6734183949530808,1.0,109.0,0.8373124105520655,1.0,0,0,0,0,0,0
127,sm9510630,359.0,0.7971396851708629,1.0,416.0,0.83567536652106,1.0,160.0,0.8647889127663518,1.0,1,3,6,1,0,1
128,sm13260750,403.0,0.9911237177550768,1.0,151.0,0.9974387932319028,0.0,202.0,1.0065830592234553,1.0,0,0,0,0,0,0
129,sm7427060,112.0,0.8865422169152191,1.0,222.0,0.8870341082766655,1.0,237.0,0.901745086642302,1.0,0,7,2,1,0,1
130,sm20569190,119.0,0.9473103904772678,1.0,20.0,0.9615299563263248,0.0,201.0,0.9642978706467588,1.0,0,6,3,0,1,1
131,sm2732357,457.0,0.9497538290541806,0.0,477.0,0.9624798580016668,1.0,319.0,0.9818194045539924,0.0,2,3,0,7,0,1
132,sm1031270,168.0,0.621645026227716,1.0,261.0,0.8848613692009981,1.0,166.0,0.8985177758503198,1.0,2,0,4,6,0,1
133,sm17067980,328.0,0.808071072567373,1.0,333.0,0.93280424114678,1.0,140.0,0.9726778417705112,1.0,2,0,3,6,1,1
134,sm19625630,114.0,0.7125170891223166,1.0,138.0,0.7788383996971334,1.0,461.0,0.8083402518869606,1.0,3,0,4,1,5,1
135,sm9265460,201.0,1.0991028092177115,0.0,343.0,1.1045317223818192,1.0,73.0,1.109741533638496,1.0,1,0,10,0,0,1
136,sm2219100,375.0,0.8762984297059021,1.0,16.0,0.9117499349429956,1.0,387.0,0.9338244276730976,1.0,1,2,5,0,3,1
137,sm23969030,413.0,0.6718085373256117,1.0,451.0,0.6995313025708971,1.0,66.0,0.720461706744508,1.0,0,6,0,2,2,1
138,sm10150980,114.0,0.7647241574477861,1.0,134.0,0.7788383996971334,1.0,0.0,0.7990602470215918,1.0,1,1,5,1,3,1
139,sm24377110,405.0,0.5816701543150039,1.0,207.0,0.7365106081181881,1.0,103.0,0.9887632274779824,0.0,1,3,7,0,0,1
140,sm24683018,22.0,0.7500588213036595,1.0,288.0,0.8632284667191852,1.0,337.0,0.8803509693877601,1.0,0,0,0,0,0,0
141,sm30741025,214.0,0.7345724935761957,1.0,288.0,0.7891976393711199,1.0,166.0,0.851564173072074,1.0,1,2,4,3,1,1
142,sm17673790,328.0,0.9641391224722556,1.0,133.0,0.997752651208782,1.0,184.0,1.0084906952392674,0.0,0,0,0,0,0,0
143,sm37601190,99.0,0.9560770252544234,0.0,226.0,0.96115233096132,1.0,34.0,0.961976133897424,1.0,1,2,7,1,0,1
144,sm8613232,382.0,0.4328018210975269,1.0,22.0,0.8516904237596937,1.0,440.0,0.8628943429577594,1.0,2,0,2,6,2,1
145,sm16207490,489.0,0.8993327638738862,1.0,447.0,0.9019953561376044,1.0,425.0,0.9455271027274672,1.0,0,7,0,2,1,1
146,sm5546860,197.0,0.9520332094818644,1.0,230.0,0.9608312669268508,1.0,277.0,1.0405306645077086,1.0,0,7,0,2,1,1
147,sm17064620,309.0,0.7375290023834822,1.0,138.0,0.8029629763382613,1.0,423.0,0.8086354093644976,1.0,2,0,3,6,1,1
148,sm25051049,490.0,0.8773518443040939,1.0,292.0,0.9263508747366194,1.0,305.0,0.9315419367908506,1.0,0,8,0,0,2,1
149,sm21553880,391.0,0.9272361005346031,1.0,283.0,0.9584178099615596,1.0,479.0,1.0119866135668243,0.0,0,7,3,0,0,1
150,sm27666317,373.0,0.8481064939500699,1.0,429.0,0.8590683522637295,1.0,35.0,0.891888892424997,1.0,0,7,0,3,0,1
151,sm5818100,321.0,0.8286103805538009,1.0,109.0,0.845712734295553,1.0,330.0,0.9955691405701892,1.0,2,1,2,7,0,1
152,sm2406770,100.0,0.9198644873361492,1.0,58.0,0.9220065128617844,1.0,4.0,0.9318017080229224,0.0,1,0,6,2,2,1
153,sm8891090,70.0,0.7089834750134328,1.0,259.0,0.7163933141959788,1.0,117.0,0.7214031127384526,1.0,0,7,0,1,2,1
154,sm16719480,269.0,0.7575041662411769,1.0,252.0,0.8959398354100655,1.0,147.0,0.90435218970895,1.0,1,0,5,3,2,1
155,sm17779150,439.0,0.7633955287934275,1.0,53.0,0.8727447152804451,1.0,238.0,0.9669024984732796,1.0,1,4,5,1,0,1
156,sm23807389,300.0,0.9296349764096584,1.0,331.0,0.9762796971019028,1.0,347.0,0.9870106312448956,1.0,0,0,0,0,0,0
157,sm29916130,177.0,0.5825363982463505,1.0,2.0,1.0379224995885437,0.0,190.0,1.0432571665749069,1.0,0,5,0,2,3,1
158,sm15633620,233.0,0.7820573174845785,1.0,445.0,1.072363317228684,0.0,129.0,1.0826498243165876,0.0,2,0,3,7,0,1
159,sm21331970,179.0,0.6650123576100069,1.0,388.0,0.929506989327753,1.0,459.0,0.9468055168692217,1.0,2,3,3,4,0,1
160,sm4724910,416.0,0.7666020835163768,1.0,359.0,0.849058269942064,1.0,434.0,0.8521567322559882,1.0,1,3,6,0,1,1
161,sm25425760,300.0,0.7569093942655984,1.0,331.0,0.9238419422235236,0.0,484.0,0.9501735449645016,0.0,0,0,0,0,0,0
162,sm24326780,236.0,0.85374562398707,1.0,9.0,0.9256615063838376,0.0,195.0,0.9821749109197888,1.0,1,3,7,0,0,1
163,sm27488670,189.0,0.7414855939564128,1.0,92.0,0.8450287595398692,1.0,291.0,1.0126928802543005,0.0,0,5,2,1,2,1
164,sm1278460,403.0,1.0563987150403058,0.0,203.0,1.0669017855011798,1.0,172.0,1.068517024509419,1.0,2,0,2,5,3,1
165,sm28522610,243.0,0.7392810899988916,1.0,334.0,0.7959298927585459,1.0,234.0,0.8164123841751526,1.0,0,0,0,0,0,0
166,sm12742112,478.0,0.4308609725730368,1.0,198.0,0.4942835087033905,1.0,468.0,0.6314078324574549,1.0,2,3,3,4,0,1
167,sm37195030,435.0,0.9555166934563316,1.0,298.0,0.9693537154045098,1.0,218.0,0.9739545513978564,1.0,0,0,0,0,0,0
168,sm25221440,132.0,0.621645026227716,1.0,238.0,0.7205370095349173,1.0,468.0,0.7896905593111645,1.0,2,0,4,5,1,1
169,sm27266160,447.0,0.6814376501480822,1.0,489.0,0.7068777796441282,1.0,64.0,0.7236458010732814,1.0,0,7,0,2,1,1
170,sm30597080,251.0,0.9629632750249194,1.0,108.0,0.9844441256187354,0.0,137.0,1.0005076494024367,0.0,0,6,3,0,1,1
171,nm8232118,288.0,0.9759777215134168,1.0,144.0,0.976761393591302,1.0,473.0,0.9775288695782124,1.0,2,0,4,6,0,1
172,sm7868250,168.0,0.9052824366737444,1.0,76.0,1.0015274192480084,1.0,132.0,1.0035402374049998,1.0,2,2,3,5,0,1
173,sm246990,188.0,0.9783979924703484,1.0,26.0,1.0063283796981564,0.0,160.0,1.0066014496598004,1.0,2,1,3,5,1,1
174,sm29445580,281.0,0.9487668223379958,1.0,482.0,0.9776648087853672,1.0,494.0,0.9797980084676228,1.0,0,5,0,3,2,1
175,sm29776010,322.0,0.8101621180330268,1.0,283.0,0.8447130243414535,1.0,337.0,0.8798604353475564,1.0,0,5,0,3,2,1
176,sm4106190,29.0,0.9976668764125352,1.0,49.0,1.007733707312956,1.0,195.0,1.0417028032546651,0.0,0,6,0,4,0,1
177,sm29921300,157.0,0.5825363982463505,1.0,433.0,0.9925591668431698,1.0,85.0,1.013939298178055,1.0,0,6,1,2,1,1
178,sm13170350,312.0,0.9548151393865398,1.0,132.0,0.993237148927242,1.0,456.0,0.9987290844340874,1.0,0,6,3,0,1,1
179,sm21333410,159.0,0.6650123576100069,1.0,388.0,0.9052128742777938,1.0,459.0,0.9798396186296504,1.0,2,2,2,5,1,1
180,sm19132400,187.0,0.8075221734050103,1.0,317.0,0.8341712378425591,1.0,314.0,0.8481311736709627,1.0,2,3,1,5,1,1
181,sm16024389,333.0,0.9692551401605276,1.0,424.0,0.9977985372895316,1.0,133.0,1.0016987867025464,1.0,0,0,0,0,0,0
182,sm11325229,140.0,0.9168291969177208,1.0,166.0,0.9220448151650984,1.0,22.0,0.9324980611731752,1.0,0,4,3,1,2,1
183,sm13762950,302.0,0.8717139861120369,1.0,323.0,0.9084926742176428,1.0,45.0,0.9545264288798204,1.0,0,5,3,2,0,1
184,sm16156229,363.0,0.8344214272192536,1.0,196.0,0.8873187835274947,1.0,356.0,0.9640035069161134,1.0,0,6,1,3,0,1
185,sm3207770,28.0,0.6640100955638664,1.0,217.0,0.9098038661364436,0.0,257.0,0.9355385088699972,0.0,2,2,3,4,1,1
186,sm23039440,379.0,0.6916848184442942,1.0,398.0,0.8395680913936813,1.0,327.0,0.8968199173556565,1.0,2,3,2,5,0,1
187,sm21145040,314.0,0.7673083721106664,1.0,180.0,0.8075221734050103,1.0,415.0,0.8355957938502028,1.0,0,6,0,2,2,1
188,sm3439870,127.0,0.8678010042320276,1.0,416.0,0.9228369379591664,1.0,360.0,0.928454134261946,0.0,1,3,5,1,1,1
189,sm27404620,163.0,0.7414855939564128,1.0,313.0,0.8099386373437615,1.0,92.0,0.8746799971655325,1.0,1,3,5,1,1,1
190,sm29185330,85.0,0.6114009659045505,1.0,433.0,0.8315607798637549,1.0,177.0,1.0263118631574526,1.0,3,3,0,2,5,1
191,sm22242790,467.0,1.0209738699766566,1.0,56.0,1.0216975317055552,1.0,419.0,1.0253343039189813,1.0,1,3,7,0,0,1
192,sm11384474,73.0,0.845325191166833,1.0,349.0,0.8981862230162165,1.0,33.0,0.954828410328132,1.0,2,3,1,5,1,1
193,sm30960260,122.0,0.5007770024627743,1.0,220.0,0.8815331166084244,1.0,56.0,0.963091056234652,1.0,1,3,7,0,0,1
194,sm2107510,107.0,0.9224288284814628,0.0,452.0,0.9564144760025453,0.0,375.0,0.9631864792046008,1.0,1,1,6,2,1,1
195,sm8889330,49.0,0.9755950326389764,0.0,162.0,0.9821749109197888,1.0,123.0,0.986272530309682,0.0,1,4,6,0,0,1
196,sm29482160,363.0,0.7965393952001739,1.0,356.0,0.8619154382610354,1.0,184.0,0.8873187835274947,1.0,0,6,3,1,0,1
197,sm15611820,230.0,0.7791103413794026,1.0,369.0,0.8403458894121579,1.0,311.0,0.8859602743643964,1.0,1,1,4,3,2,1
198,sm13609389,166.0,0.4942835087033905,1.0,478.0,0.5735998134820821,1.0,468.0,0.7744932031209686,1.0,2,3,1,5,1,1
199,sm22688012,228.0,0.751453147226477,1.0,482.0,0.801700601673091,1.0,318.0,0.974554512110335,1.0,2,2,3,5,0,1
200,sm30591470,450.0,0.8342323434996807,1.0,314.0,0.8951892140853596,1.0,57.0,0.9065377477919468,1.0,0,7,0,2,1,1
201,sm23160860,119.0,0.932896119854308,1.0,130.0,0.9642978706467588,1.0,106.0,1.0025093981277684,0.0,1,3,5,0,2,1
202,sm14889810,323.0,0.8517585963669521,1.0,45.0,0.899797268133968,1.0,12.0,0.9133180043775904,1.0,0,5,4,0,1,1
203,sm2212070,38.0,1.053192973180665,0.0,194.0,1.064721662049615,1.0,164.0,1.0669017855011798,1.0,0,6,1,1,2,1
204,sm23049810,72.0,1.0105901105578434,1.0,400.0,1.0431051724414322,1.0,392.0,1.0521332471595244,0.0,0,5,0,2,3,1
205,sm30273012,79.0,0.9941680654183868,1.0,473.0,1.0116373975840738,1.0,354.0,1.0385311045372645,0.0,2,3,0,5,2,1
206,sm13612500,406.0,0.7267668529130119,1.0,402.0,0.7396175307684607,1.0,13.0,0.8381164136653478,0.0,2,3,3,4,0,1
207,sm24432950,139.0,0.7365106081181881,1.0,405.0,0.7539461369682049,1.0,99.0,0.9809832109969262,0.0,1,3,7,0,0,1
208,sm27033420,447.0,1.004310939852643,1.0,320.0,1.0085056072505694,1.0,425.0,1.013543515802828,1.0,0,6,0,2,2,1
209,sm5321420,125.0,0.823393596214666,1.0,462.0,0.8501514430699695,1.0,443.0,0.9023293775722124,1.0,2,1,3,6,0,1
210,sm23385270,111.0,0.8317374586616626,1.0,241.0,0.8785464503050379,1.0,102.0,0.8838497305703014,1.0,0,6,0,2,2,1
211,sm24610090,460.0,0.8294383506571017,1.0,110.0,0.842205834413551,1.0,62.0,0.898704757655656,1.0,0,6,0,2,2,1
212,sm22511720,52.0,0.6470605354662755,1.0,358.0,0.6944359158348277,1.0,465.0,0.7068087583932096,1.0,0,6,1,3,0,1
213,sm27147440,408.0,0.8990717979513714,1.0,14.0,0.9382278195154246,1.0,447.0,0.9560956422788848,1.0,0,6,0,3,1,1
214,sm30077041,141.0,0.7345724935761957,1.0,166.0,0.7778845500647794,1.0,382.0,0.877165332240129,1.0,2,3,2,5,0,1
215,sm6875060,265.0,0.7849710354968837,1.0,252.0,0.7952843728150406,1.0,147.0,0.8166099282187825,1.0,1,1,4,3,2,1
216,sm15862474,434.0,0.9966274465362616,1.0,160.0,1.0023035388559676,1.0,359.0,1.0362909477954283,1.0,0,7,2,0,1,1
217,sm31791630,407.0,0.7750571160148589,1.0,100.0,0.7965219395768113,1.0,134.0,0.8109038718530159,1.0,2,2,3,5,0,1
218,sm30308300,458.0,0.4544269180107434,1.0,298.0,0.75476863031233,1.0,71.0,0.7836331899072081,1.0,1,2,6,2,0,1
219,sm36015690,51.0,0.9683202706011672,1.0,383.0,0.9888284162588352,0.0,287.0,0.9985362807872136,1.0,2,0,4,5,1,1
220,sm31118650,193.0,0.8815331166084244,1.0,122.0,0.9017920992189924,1.0,338.0,1.0443977296387537,0.0,1,3,7,0,0,1
221,sm15806481,311.0,0.8618338562128126,1.0,369.0,0.9600617200966264,1.0,115.0,0.961151662794588,1.0,0,6,0,3,1,1
222,sm9297140,259.0,0.6902116172134232,1.0,153.0,0.7465438435168121,1.0,281.0,0.7533723082927596,1.0,0,7,0,2,1,1
223,so19034120,74.0,0.6560332259440006,1.0,467.0,0.7497030861741575,1.0,20.0,0.8368687407124473,1.0,0,7,3,0,0,1
224,sm26183540,232.0,0.829651502328204,1.0,410.0,0.8332740784876478,1.0,420.0,0.8553155709540258,1.0,0,5,0,2,3,1
225,sm25782830,277.0,0.993475940649731,0.0,12.0,1.007623303189148,0.0,103.0,1.0193214449583892,0.0,1,3,5,0,2,1
226,sm36210300,34.0,0.7599104423797471,1.0,143.0,0.96115233096132,1.0,385.0,1.0404056683112588,0.0,0,4,4,0,2,1
227,sm24687940,328.0,0.7608659508361545,1.0,372.0,0.7630999544548588,1.0,333.0,0.870486143729745,1.0,0,0,0,0,0,0
228,sm17251540,199.0,0.751453147226477,1.0,318.0,0.8362000553610558,1.0,374.0,0.8663478186620313,1.0,0,5,1,4,0,1
229,sm24561080,46.0,0.9911406223262584,1.0,254.0,0.9952713691304024,1.0,442.0,1.0628292019104597,1.0,2,3,0,4,3,1
230,sm16309860,197.0,0.7791103413794026,1.0,277.0,0.8877616947569952,1.0,369.0,0.898318129862476,1.0,2,1,3,4,2,1
231,sm30832481,361.0,0.9349793028084216,1.0,476.0,0.9694869677531994,1.0,251.0,0.998473968165037,1.0,1,2,4,3,1,1
232,sm26571360,224.0,0.829651502328204,1.0,368.0,0.9265374850660162,1.0,425.0,0.929697532434586,1.0,0,6,2,2,0,1
233,sm10245200,158.0,0.7820573174845785,1.0,330.0,1.0109408056529012,0.0,109.0,1.0150357588338703,0.0,3,2,2,2,4,1
234,sm28019550,243.0,0.5916838029775386,1.0,35.0,0.7336540560228779,1.0,373.0,0.736685610525276,1.0,0,0,0,0,0,0
235,sm26848010,268.0,0.796641226779466,1.0,121.0,0.9080429779294552,1.0,396.0,0.9211577019766536,1.0,3,3,0,3,4,1
236,sm19150230,162.0,0.85374562398707,1.0,407.0,0.947209249338985,0.0,103.0,0.977880929441187,0.0,1,4,5,0,1,1
237,sm8436970,281.0,0.8490237499650913,1.0,70.0,0.8550435084449819,1.0,153.0,0.8569549447921978,1.0,0,5,0,2,3,1
238,sm10601340,168.0,0.7205370095349173,1.0,327.0,0.8075683162569605,0.0,379.0,0.8211247544268265,0.0,1,3,5,2,0,1
239,sm1098317,1.0,0.9853186270229236,1.0,17.0,1.018942851670396,1.0,482.0,1.0354997592422224,1.0,0,4,1,2,3,1
240,sm26937870,252.0,0.8415350549268039,1.0,2.0,0.8898061049293259,1.0,481.0,0.9233164516364454,1.0,1,2,4,2,2,1
241,sm14146540,317.0,0.7893429647178781,1.0,102.0,0.8323554359959736,1.0,210.0,0.8785464503050379,1.0,0,5,0,2,3,1
242,sm6983220,306.0,0.9418168203042468,1.0,408.0,0.9842686760685612,1.0,86.0,0.9987369059497416,0.0,2,2,0,4,4,1
243,sm28754930,334.0,0.5333520070071339,1.0,279.0,0.585375776071985,1.0,234.0,0.5916838029775386,1.0,0,8,0,2,0,1
244,sm4767230,495.0,0.848523425695038,1.0,392.0,0.8590140887649143,1.0,19.0,0.882514794463758,1.0,3,2,0,3,5,1
245,sm25523500,52.0,0.7560508494604687,1.0,212.0,0.7647027602489423,1.0,66.0,0.7907405515297452,1.0,0,5,1,3,1,1
246,sm23171530,39.0,0.7676781035611836,1.0,123.0,0.8368031169064049,1.0,100.0,0.8429275260833439,1.0,3,1,3,2,4,1
247,sm20065790,16.0,0.835472904288809,1.0,125.0,0.9244204990710262,1.0,387.0,0.9617921056152324,1.0,0,5,3,1,1,1
248,sm21440020,441.0,0.795845352083203,1.0,82.0,0.8721194321516308,1.0,485.0,0.9446498691571406,1.0,0,0,0,0,0,0
249,sm13171730,312.0,0.9973759887409748,1.0,84.0,1.0386577122126384,0.0,128.0,1.0478471781422494,0.0,0,6,3,1,0,1
250,sm13914810,25.0,0.7153187089037317,1.0,323.0,0.8467911277367773,1.0,302.0,0.91291922639659,1.0,1,0,5,3,2,1
251,sm30693030,361.0,0.8612761680684429,1.0,476.0,0.8942841186791298,1.0,218.0,0.909671692418098,1.0,0,6,4,0,0,1
252,sm15108950,2.0,0.6896236547665467,1.0,215.0,0.7952843728150406,1.0,147.0,0.8277549861152697,1.0,1,3,4,0,3,1
253,sm30273006,393.0,0.9988720945965716,1.0,440.0,1.0119492879592995,1.0,480.0,1.0342980576754115,1.0,0,4,2,2,2,1
254,sm22356220,46.0,0.919678081839706,1.0,229.0,0.9952713691304024,1.0,442.0,1.0552860081128768,1.0,0,5,0,3,2,1
255,sm6945510,447.0,1.0056941768534902,1.0,451.0,1.021750380339796,1.0,284.0,1.0516550365680672,1.0,0,6,0,3,1,1
256,sm14171930,381.0,1.0258116278722813,1.0,246.0,1.0325288610814267,0.0,432.0,1.0348502568575202,0.0,0,7,3,0,0,1
257,sm31680050,246.0,0.8575550837503448,1.0,134.0,0.8669806243252758,1.0,114.0,0.8821199477737771,1.0,2,2,3,4,1,1
258,sm13628080,114.0,0.9054110423628444,1.0,390.0,0.9208477116382728,1.0,93.0,0.9724414956723164,1.0,2,1,3,5,1,1
259,sm22610180,222.0,0.6902116172134232,1.0,153.0,0.7163933141959788,1.0,336.0,0.7861774200163619,1.0,0,6,1,2,1,1
260,sm26038650,401.0,0.7707295127928809,1.0,315.0,0.8335445802686258,1.0,95.0,0.9023962041558412,1.0,3,4,0,1,5,1
261,sm1412176,468.0,0.6966461518521592,1.0,77.0,0.6999736921665487,1.0,349.0,0.7255951730464268,1.0,2,2,3,5,0,1
262,sm14937150,360.0,0.8641823844611192,1.0,371.0,0.9824041841786793,1.0,400.0,1.0540987980628025,0.0,3,2,3,0,5,1
263,sm14834740,45.0,0.625542819550101,1.0,323.0,0.7893169789214711,1.0,302.0,0.8677751012409406,1.0,0,5,4,1,0,1
264,sm6792327,77.0,0.4834000066235708,1.0,468.0,0.635767274318096,1.0,349.0,0.6833030657535675,1.0,2,1,3,5,1,1
265,sm15016420,215.0,0.7849710354968837,1.0,309.0,0.8404642745835766,1.0,351.0,0.8407428774934286,1.0,1,2,5,3,0,1
266,sm19939450,168.0,0.9999777696603236,1.0,132.0,1.0169929468236458,1.0,33.0,1.0403480245326886,0.0,1,2,5,3,0,1
267,sm972890,126.0,0.6734183949530808,1.0,107.0,0.7359565927742537,1.0,217.0,0.8944910787429461,0.0,3,0,4,1,5,1
268,sm26831760,235.0,0.796641226779466,1.0,427.0,0.8370267933435328,1.0,121.0,0.8462744855795244,1.0,3,4,0,1,5,1
269,sm19577010,154.0,0.7575041662411769,1.0,147.0,0.911586010402865,1.0,351.0,0.9407413166358192,1.0,1,3,6,1,0,1
270,sm25862600,95.0,0.8415249438518658,1.0,401.0,0.9143356381187672,1.0,47.0,0.941086064852986,1.0,0,5,0,2,3,1
271,sm29327840,368.0,0.8113700256797552,1.0,420.0,0.883871036850979,1.0,425.0,0.909111801526492,1.0,1,4,5,1,0,1
272,sm20895800,460.0,0.936964650935854,0.0,64.0,0.9490516900402356,1.0,320.0,0.9587804137310156,1.0,2,4,0,5,1,1
273,sm20671920,390.0,1.0195110635749625,1.0,113.0,1.0204565241182575,1.0,127.0,1.0232531022250688,0.0,1,0,7,0,3,1
274,sm15971140,330.0,0.8593917145266854,1.0,123.0,0.9001525326977736,0.0,423.0,0.9141584593858512,0.0,2,1,3,5,1,1
275,sm11264170,351.0,0.8765970363574322,1.0,123.0,0.8989948841376526,1.0,423.0,0.9149632164277416,1.0,1,3,5,2,0,1
276,sm9874560,351.0,0.9681428573767374,1.0,123.0,0.9779397114192868,1.0,252.0,0.9801077258571448,1.0,2,2,3,5,0,1
277,sm15887500,118.0,0.8537397786262081,1.0,230.0,0.8877616947569952,1.0,197.0,0.8956608172678292,1.0,2,2,3,4,1,1
278,sm14870600,314.0,0.8338228202459893,1.0,104.0,0.8645178716384827,1.0,289.0,0.9221070956748988,1.0,0,6,0,2,2,1
279,sm27762357,243.0,0.585375776071985,1.0,373.0,0.5878354144641217,1.0,35.0,0.6212104902743529,1.0,0,0,0,0,0,0
280,sm33260180,407.0,0.7953828470426937,1.0,327.0,0.912725852748899,1.0,217.0,0.9129069762300336,1.0,2,1,3,5,1,1
281,sm7766320,153.0,0.7421255400945473,1.0,70.0,0.7451784510102243,1.0,222.0,0.7533723082927596,1.0,0,5,0,2,3,1
282,sm26144120,105.0,0.947415903210898,1.0,306.0,0.9762033620731811,1.0,11.0,1.0051495921972524,0.0,2,2,3,5,0,1
283,sm21155770,175.0,0.8447130243414535,1.0,322.0,0.8735637100911869,1.0,391.0,0.8759913324803202,1.0,0,5,0,3,2,1
284,sm23983010,489.0,0.8501527047894365,1.0,64.0,0.8558888643791487,1.0,447.0,0.873936792496081,1.0,0,6,0,3,1,1
285,sm11356560,365.0,0.901810279502536,1.0,90.0,0.9332239769019328,1.0,397.0,1.03381570530915,0.0,0,0,0,0,0,0
286,sm24508041,455.0,1.02127341698818,0.0,202.0,1.0255567678571769,1.0,354.0,1.0383326666113186,0.0,0,0,0,0,0,0
287,sm36588220,51.0,0.9819920366524792,1.0,219.0,0.9985362807872136,1.0,116.0,1.0224408405186147,0.0,0,8,2,0,0,1
288,sm4762038,141.0,0.7891976393711199,1.0,166.0,0.7897778746805433,1.0,198.0,0.80121002109659,1.0,1,3,5,2,0,1
289,sm12600360,399.0,0.8799805678732217,1.0,489.0,0.9182073208290246,1.0,278.0,0.9221070956748988,1.0,0,5,3,2,0,1
290,sm2086160,452.0,0.6338802112658717,1.0,19.0,0.9724439930660124,1.0,107.0,0.9891775191963718,0.0,0,6,0,3,1,1
291,sm6348750,32.0,0.8808439809775163,1.0,163.0,1.0126928802543005,0.0,426.0,1.0199472494889223,0.0,0,0,0,0,0,0
292,sm24373950,305.0,0.8796676682973363,1.0,62.0,0.8853551608225892,1.0,110.0,0.9253289604292336,1.0,0,6,0,1,3,1
293,sm9553189,82.0,0.8651967691615062,1.0,386.0,0.8936198603668464,1.0,441.0,0.9085298429929932,1.0,0,0,0,0,0,0
294,sm16881350,492.0,0.9143207574244744,1.0,248.0,0.9845588163324244,0.0,33.0,0.9939738994140138,0.0,2,0,0,8,2,1
295,sm20803930,386.0,0.6284512146927957,1.0,485.0,0.7012135152182969,1.0,82.0,0.7796395488152619,1.0,1,0,4,2,4,1
296,sm20889720,428.0,0.6558697191513239,1.0,465.0,0.9049392628749646,1.0,66.0,0.9336276238351812,1.0,0,7,1,2,0,1
297,sm21348590,352.0,0.8583659574610272,1.0,76.0,0.9020641572912688,1.0,443.0,0.9702303753582656,1.0,2,2,0,5,3,1
298,sm29178450,218.0,0.75476863031233,1.0,458.0,0.7811717781213664,1.0,435.0,0.918213085459918,1.0,2,3,2,5,0,1
299,sm13985710,425.0,0.8487978597768246,1.0,368.0,0.8793355210291228,1.0,420.0,0.9078860821821434,1.0,0,5,0,3,2,1
300,sm23756820,161.0,0.7569093942655984,1.0,331.0,0.7958787382299325,1.0,156.0,0.9296349764096584,1.0,0,0,0,0,0,0
301,sm36533084,314.0,0.9178053663542876,1.0,214.0,0.9767489834368576,1.0,166.0,0.978772713138749,1.0,1,3,7,0,0,1
302,sm15356310,323.0,0.6907867273660128,1.0,45.0,0.790896604375617,1.0,263.0,0.8677751012409406,1.0,0,5,4,0,1,1
303,sm27721038,347.0,1.0320990870858429,1.0,286.0,1.0620730965132363,1.0,41.0,1.0621826039604658,0.0,0,0,0,0,0,0
304,sm1040090,366.0,0.991609195924302,1.0,109.0,1.0055511443031036,0.0,114.0,1.00612656298352,0.0,1,0,8,0,2,1
305,sm24797620,292.0,0.8796676682973363,1.0,490.0,0.881287639400763,1.0,110.0,0.9088496422008664,1.0,0,7,0,0,3,1
306,sm27957580,408.0,0.5030395193902929,1.0,64.0,0.8020340380162391,1.0,14.0,0.8475415258314279,1.0,2,3,3,4,0,1
307,sm18257340,423.0,0.8985374364665221,1.0,246.0,0.936974087031358,1.0,100.0,0.959589858202577,1.0,2,1,2,5,2,1
308,sm39379690,455.0,0.8154119833372371,1.0,248.0,0.9559861553114148,0.0,11.0,0.9946390856861088,0.0,0,0,0,0,0,0
309,sm16814250,147.0,0.7375290023834822,1.0,437.0,0.8021944404377375,1.0,265.0,0.8404642745835766,1.0,2,1,3,4,2,1
310,sm11794550,118.0,0.919374548053688,1.0,127.0,1.0078629671363983,0.0,277.0,1.030944064514738,0.0,2,1,2,6,1,1
311,sm28306630,221.0,0.8618338562128126,1.0,197.0,0.8859602743643964,1.0,277.0,0.9048202850195582,1.0,0,4,0,3,3,1
312,sm13170620,178.0,0.9548151393865398,1.0,249.0,0.9973759887409748,1.0,448.0,1.029064909643841,0.0,0,7,3,0,0,1
313,sm27338360,189.0,0.8099386373437615,1.0,396.0,1.0179495133567087,1.0,92.0,1.020593700196151,1.0,0,4,3,2,1,1
314,sm18396080,104.0,0.5597998186781448,1.0,450.0,0.6175770831442293,1.0,57.0,0.7403973142835211,1.0,0,6,0,2,2,1
315,sm26231640,260.0,0.8335445802686258,1.0,401.0,0.842331663091973,1.0,367.0,0.8713541960874881,1.0,0,6,0,2,2,1
316,nm7103480,387.0,0.956580454143506,1.0,0.0,0.9726803796892124,1.0,421.0,1.0073995876613826,1.0,3,0,3,1,6,1
317,sm14666310,241.0,0.7893429647178781,1.0,102.0,0.8117465612146545,1.0,180.0,0.8341712378425591,1.0,0,5,0,4,1,1
318,sm17461850,228.0,0.8362000553610558,1.0,482.0,0.8604223791686012,1.0,199.0,0.974554512110335,1.0,2,3,1,5,1,1
319,sm10842800,123.0,0.8942840188230062,1.0,351.0,0.9409177919890338,1.0,309.0,0.9532054542761044,1.0,2,2,0,7,1,1
320,sm27213490,447.0,0.7336033192614413,1.0,169.0,0.7650447279036154,1.0,489.0,0.8508325264010521,1.0,0,6,0,2,2,1
321,sm5285040,109.0,0.7986586528164085,1.0,151.0,0.8286103805538009,1.0,265.0,0.9189889129071452,1.0,2,2,2,6,0,1
322,sm30023930,175.0,0.8101621180330268,1.0,337.0,0.8490151566421439,1.0,283.0,0.8735637100911869,1.0,0,5,4,1,0,1
323,sm14264720,302.0,0.6907867273660128,1.0,45.0,0.7126255060189307,1.0,12.0,0.7551688944823975,1.0,1,0,7,2,1,1
324,sm27793790,243.0,0.8768353124930541,1.0,279.0,0.8821991294816022,1.0,384.0,0.9207022904348342,1.0,0,6,0,1,3,1
325,sm2193920,349.0,1.0126556743636437,0.0,294.0,1.0175590251149047,0.0,77.0,1.0195150805785569,0.0,0,0,0,0,0,0
326,sm14703600,461.0,0.827173407239201,1.0,265.0,0.8573341557377904,1.0,103.0,0.8813343080838447,1.0,1,0,6,1,3,1
327,sm27485100,398.0,0.7167600262623227,1.0,238.0,0.8075683162569605,0.0,379.0,0.8190732214979541,1.0,2,0,2,7,1,1
328,sm24644910,372.0,0.6845734878647152,1.0,333.0,0.7165023580382295,1.0,227.0,0.7608659508361545,1.0,0,0,0,0,0,0
329,sm2427600,247.0,0.9774498298115256,1.0,194.0,1.0098006378689033,1.0,370.0,1.0354886769371288,0.0,1,1,7,2,0,1
330,sm19335770,123.0,0.7789512442040663,0.0,134.0,0.8527197375956262,1.0,274.0,0.8593917145266854,1.0,2,0,2,8,0,1
331,sm27084410,300.0,0.7958787382299325,1.0,161.0,0.9238419422235236,0.0,484.0,0.9256862326420148,1.0,2,2,3,5,0,1
332,sm2027200,33.0,0.9422627357952394,1.0,48.0,0.9672624680411884,1.0,23.0,0.9700525539545436,1.0,2,3,0,6,1,1
333,sm12294250,328.0,0.7165023580382295,1.0,7.0,0.7847500935697507,1.0,372.0,0.8599423748296516,1.0,2,2,1,6,1,1
334,sm28185620,243.0,0.5333520070071339,1.0,35.0,0.5869059289330371,1.0,88.0,0.6395376280468521,1.0,0,4,3,3,0,1
335,sm30722500,398.0,0.8250019261506885,1.0,402.0,0.9078463846954188,1.0,18.0,0.9935982652582872,1.0,2,1,3,6,0,1
336,sm32392150,259.0,0.7861774200163619,1.0,222.0,0.7983473817511699,1.0,1.0,0.8698485857480585,1.0,0,4,2,4,0,1
337,sm28916290,261.0,0.755122500941142,1.0,479.0,0.7788416700175759,1.0,22.0,0.8375489492931607,1.0,0,6,0,3,1,1
338,sm22230060,15.0,0.5659172280887211,1.0,106.0,0.6757644935099859,1.0,31.0,0.8715805358873845,1.0,1,3,5,1,1,1
339,sm22122720,103.0,0.7954202999430593,1.0,252.0,0.957343206755692,1.0,457.0,0.9583356766141512,1.0,1,1,7,1,1,1
340,sm19980280,134.0,0.9225809791490874,1.0,380.0,0.9337349503902704,1.0,432.0,0.9367899926302096,1.0,1,1,6,2,1,1
341,sm6167850,452.0,0.9588628307393086,1.0,290.0,1.0022414319000563,1.0,394.0,1.0402196893221192,0.0,0,8,2,0,0,1
342,sm30273018,214.0,1.0044704077034374,1.0,171.0,1.0149762723715874,1.0,174.0,1.0379558435809262,1.0,2,3,2,5,0,1
343,sm12332377,468.0,0.7966302854120048,1.0,264.0,0.8668115636491491,1.0,473.0,0.8759029233624356,1.0,2,2,3,5,0,1
344,sm13476300,215.0,0.9820314322183854,1.0,457.0,1.010095140865496,1.0,462.0,1.016851694592452,0.0,2,0,2,7,1,1
345,sm11509720,0.0,0.9203182483901392,1.0,406.0,0.9624545674119596,1.0,269.0,0.9700977579529888,1.0,1,3,7,0,0,1
346,sm19918800,18.0,0.9475838504649552,1.0,269.0,1.0515568119720542,0.0,402.0,1.060812377801961,1.0,2,2,0,6,2,1
347,sm28074461,161.0,0.977658859148118,1.0,156.0,0.9870106312448956,1.0,331.0,1.000898537363474,1.0,0,0,0,0,0,0
348,sm5505350,374.0,0.7877949038883899,1.0,96.0,1.0004329028698242,0.0,488.0,1.0061599884463863,0.0,0,5,0,3,2,1
349,sm13691461,77.0,0.615450761051639,1.0,264.0,0.6833030657535675,1.0,261.0,0.7255951730464268,1.0,2,2,2,6,0,1
350,sm12359740,125.0,0.9464627402327832,1.0,444.0,0.9580820038839892,1.0,247.0,0.9823838972237364,1.0,3,0,3,2,5,1
351,sm16203010,80.0,0.7867554357581726,1.0,423.0,0.8242723649369896,1.0,215.0,0.8275298077718942,1.0,1,0,5,4,1,1
352,sm21224047,297.0,0.8583659574610272,1.0,114.0,0.8782211786224416,0.0,443.0,0.9043759812865938,1.0,2,0,1,6,3,1
353,sm15874112,68.0,1.0360471437187413,0.0,291.0,1.0454873949428112,1.0,294.0,1.0459595138162576,0.0,0,0,0,0,0,0
354,sm10879860,19.0,0.8029186885265206,1.0,495.0,0.8859883267943939,1.0,498.0,0.8936057809798168,1.0,2,0,0,6,4,1
355,sm30766050,363.0,0.9188096663700592,1.0,196.0,0.9551835647970564,1.0,356.0,1.0219691825695365,1.0,0,6,2,2,0,1
356,sm31159377,363.0,0.7909401390486552,1.0,196.0,0.8619154382610354,1.0,184.0,0.9640035069161134,1.0,1,2,6,2,0,1
357,sm17615260,228.0,1.0051721840819252,1.0,96.0,1.015270374798397,0.0,98.0,1.0306968194821569,1.0,0,7,2,1,0,1
358,sm22477690,212.0,0.6944359158348277,1.0,52.0,0.704350373975603,1.0,465.0,0.7544564451052218,1.0,0,6,2,1,1,1
359,sm11467790,434.0,0.6183214871176437,1.0,416.0,0.6664399495948634,1.0,127.0,0.7971396851708629,1.0,1,2,3,2,3,1
360,nm9262049,262.0,0.8641823844611192,1.0,371.0,0.918954921564071,1.0,188.0,0.928454134261946,0.0,1,3,4,2,1,1
361,sm30692720,476.0,0.8587084236630836,1.0,251.0,0.8612761680684429,1.0,231.0,0.9349793028084216,1.0,0,7,3,0,0,1
362,sm29662049,440.0,0.8099012130028318,1.0,264.0,0.9712152720717632,1.0,382.0,0.9712220741294074,1.0,2,2,1,5,2,1
363,sm29792510,356.0,0.7909401390486552,1.0,196.0,0.7965393952001739,1.0,184.0,0.8344214272192536,1.0,0,6,1,3,0,1
364,sm1660710,68.0,0.8381263921228417,1.0,488.0,0.9102500240229512,1.0,38.0,1.036609633957564,0.0,1,4,5,1,0,1
365,sm12908050,90.0,0.88870982134011,1.0,449.0,0.8955524944438908,1.0,285.0,0.901810279502536,1.0,0,6,0,3,1,1
366,sm29435180,304.0,0.991609195924302,1.0,368.0,1.0233656822239616,0.0,278.0,1.074867804570221,0.0,1,3,4,3,0,1
367,sm8938000,47.0,0.8456264861446752,1.0,315.0,0.8713541960874881,1.0,104.0,0.9318622762835972,1.0,3,3,0,3,4,1
368,sm27043710,271.0,0.8113700256797552,1.0,420.0,0.8552608379716552,1.0,425.0,0.8597550952159759,1.0,0,5,1,2,2,1
369,sm14930333,197.0,0.8403458894121579,1.0,230.0,0.898318129862476,1.0,311.0,0.9050918587117514,1.0,0,6,1,2,1,1
370,sm19028880,437.0,0.9257642995923114,1.0,109.0,0.9756701664934604,1.0,265.0,0.9757869730533224,1.0,1,3,6,0,1,1
371,sm14961420,360.0,0.918954921564071,1.0,262.0,0.9824041841786793,1.0,50.0,1.0080838482130363,1.0,2,0,2,7,1,1
372,sm26325360,328.0,0.6845734878647152,1.0,227.0,0.7630999544548588,1.0,333.0,0.8599423748296516,1.0,2,2,1,6,1,1
373,sm28589350,35.0,0.5780501287856208,1.0,279.0,0.5878354144641217,1.0,429.0,0.6232125696526796,1.0,0,0,0,0,0,0
374,sm5804510,348.0,0.7877949038883899,1.0,228.0,0.8663478186620313,1.0,98.0,0.9747773227937756,1.0,0,5,3,2,0,1
375,sm4214377,136.0,0.8762984297059021,1.0,387.0,0.959107735261408,1.0,194.0,0.9631864792046008,1.0,1,1,5,2,2,1
376,sm24842310,66.0,0.6202763518552187,1.0,137.0,0.7619913080088708,1.0,451.0,0.7723275443100686,1.0,0,7,0,2,1,1
377,sm21585451,76.0,0.9677252669516486,1.0,486.0,1.0250543005249646,1.0,497.0,1.048345354841346,1.0,0,7,2,1,0,1
378,sm1579140,238.0,0.8467102643846159,1.0,166.0,0.857041645376734,1.0,198.0,0.9097247782814426,1.0,1,2,6,2,0,1
379,sm31642420,186.0,0.6916848184442942,1.0,327.0,0.8190732214979541,1.0,238.0,0.8211247544268265,0.0,2,1,2,7,0,1
380,sm31808640,340.0,0.9337349503902704,1.0,134.0,0.9764999338841291,1.0,426.0,1.008279298318096,1.0,2,0,4,5,1,1
381,sm27466660,88.0,0.8884793334869291,1.0,279.0,0.9338883446945349,1.0,243.0,0.9710300857510912,1.0,0,7,3,0,0,1
382,sm7289181,144.0,0.4328018210975269,1.0,22.0,0.8079028935616518,1.0,264.0,0.8145471339993585,1.0,2,4,1,5,0,1
383,sm31700140,426.0,0.7105028866339353,1.0,421.0,0.8498491827646902,1.0,385.0,0.9355209457432468,1.0,3,0,4,1,5,1
384,sm28104000,373.0,0.7098954732527882,1.0,279.0,0.7372623555372114,1.0,429.0,0.7907593658775989,1.0,0,0,0,0,0,0
385,sm8228650,134.0,0.8750606852519242,1.0,138.0,0.8882875818099082,1.0,39.0,0.8908077821049192,1.0,1,0,4,2,4,1
386,sm18942090,295.0,0.6284512146927957,1.0,441.0,0.8131087983551515,1.0,82.0,0.8240755118779245,1.0,0,0,0,0,0,0
387,sm3200040,136.0,0.9338244276730976,1.0,316.0,0.956580454143506,1.0,375.0,0.959107735261408,1.0,2,0,3,6,1,1
388,sm17923118,494.0,0.827682433450316,1.0,459.0,0.8562816867906876,1.0,179.0,0.9052128742777938,1.0,0,5,2,3,0,1
389,sm8025400,317.0,1.0380500193331568,0.0,482.0,1.046599557986433,1.0,59.0,1.0497949151148498,0.0,0,6,2,2,0,1
390,sm21513190,258.0,0.9208477116382728,1.0,327.0,0.9243261441100838,1.0,398.0,0.92875380748436,0.0,1,3,5,2,0,1
391,sm23261650,479.0,0.7672924898922961,1.0,283.0,0.8759913324803202,1.0,149.0,0.9272361005346031,1.0,2,2,3,5,0,1
392,sm3884025,498.0,0.8192271211649302,1.0,244.0,0.8590140887649143,1.0,495.0,0.9131538603874184,1.0,2,2,1,6,1,1
393,sm29876900,141.0,0.93849485934534,1.0,175.0,0.9578051366032844,1.0,382.0,0.9698072090162916,1.0,1,2,7,0,1,1
394,sm2310110,350.0,0.9927334050403976,1.0,329.0,1.040207261408308,1.0,341.0,1.0402196893221192,0.0,2,2,3,4,1,1
395,sm10533990,47.0,0.7537984126509477,1.0,270.0,0.9412031794700207,1.0,401.0,0.9436345129002928,1.0,0,5,1,2,2,1
396,sm27140340,268.0,0.9012014780552644,1.0,235.0,0.9211577019766536,1.0,121.0,0.9250989265117282,1.0,0,5,1,1,3,1
397,sm6696570,314.0,0.8967482237615644,1.0,399.0,0.9199454841388236,1.0,284.0,0.9506239715906308,1.0,0,5,1,2,2,1
398,sm23985500,327.0,0.7167600262623227,1.0,402.0,0.8185147980156443,1.0,335.0,0.8250019261506885,1.0,2,2,1,7,0,1
399,sm25306420,314.0,0.8630851187555483,1.0,289.0,0.8799805678732217,1.0,14.0,0.908917543732671,1.0,0,6,2,2,0,1
400,so27083910,145.0,1.0048333005185566,1.0,406.0,1.0076744518716931,0.0,368.0,1.0106083720142365,1.0,0,5,0,1,4,1
401,sm26159430,260.0,0.7707295127928809,1.0,315.0,0.842331663091973,1.0,95.0,0.8611483881344365,1.0,0,5,0,2,3,1
402,sm18631620,13.0,0.7163837205068018,0.0,206.0,0.7396175307684607,1.0,398.0,0.8185147980156443,1.0,2,0,2,7,1,1
403,sm12374084,128.0,0.9911237177550768,1.0,381.0,0.997216644306443,0.0,31.0,1.0412837884309667,0.0,0,0,0,0,0,0
404,sm10889370,238.0,0.9435009908023472,1.0,468.0,1.0182233630987374,1.0,426.0,1.0223208233769856,0.0,3,0,1,2,7,1
405,sm24523100,139.0,0.5816701543150039,1.0,207.0,0.7539461369682049,1.0,103.0,0.911561547967086,0.0,1,2,7,1,0,1
406,sm14926860,206.0,0.7267668529130119,1.0,59.0,0.7416259097507095,1.0,457.0,0.851392369752118,1.0,2,3,2,5,0,1
407,sm34214810,217.0,0.7750571160148589,1.0,280.0,0.7953828470426937,1.0,166.0,0.8589723212700172,0.0,3,0,1,3,6,1
408,sm28018250,306.0,0.5030395193902929,1.0,64.0,0.7751588370068707,1.0,169.0,0.7941800012669472,1.0,2,3,2,5,0,1
409,sm4656118,185.0,0.9781032939146772,1.0,28.0,1.0033371927835368,1.0,194.0,1.0062185471801603,0.0,2,0,2,5,3,1
410,sm11230780,96.0,0.8298820070010198,1.0,224.0,0.8332740784876478,1.0,453.0,0.8711651858858986,1.0,0,5,0,2,3,1
411,sm29837060,440.0,1.0021499632267623,1.0,382.0,1.006256033535519,1.0,362.0,1.0189801651414625,1.0,0,4,3,3,0,1
412,sm11982230,491.0,0.8497910127128523,1.0,134.0,0.9842206928033728,1.0,385.0,1.0174188900840166,1.0,1,2,3,2,3,1
413,sm24022090,137.0,0.6718085373256117,1.0,212.0,0.792805584285038,1.0,245.0,0.8142361451736463,1.0,0,5,1,2,2,1
414,sm12798100,116.0,0.9167829457232476,1.0,29.0,0.9627414307919518,1.0,438.0,0.9688352684319598,0.0,0,7,0,2,1,1
415,sm22735360,314.0,0.7982865841469954,1.0,187.0,0.8355957938502028,1.0,450.0,0.859971046493726,1.0,0,7,0,0,3,1
416,sm6395940,359.0,0.6664399495948634,1.0,160.0,0.7666020835163768,1.0,127.0,0.83567536652106,1.0,1,3,4,2,1,1
417,sm4236176,30.0,0.7050534441477947,1.0,499.0,0.7216167874982018,1.0,487.0,0.8882601494772167,1.0,1,3,5,2,0,1
418,sm13673650,241.0,0.9090000510783192,1.0,60.0,0.9109494327900892,1.0,47.0,0.9297549970529996,1.0,0,5,1,2,2,1
419,sm26865130,191.0,1.0253343039189813,1.0,151.0,1.0275078215990308,0.0,253.0,1.068300877711052,0.0,1,2,7,0,1,1
420,sm26396960,368.0,0.8552608379716552,1.0,224.0,0.8553155709540258,1.0,271.0,0.883871036850979,1.0,0,6,2,2,0,1
421,sm9809880,426.0,0.7494730066994439,1.0,383.0,0.8498491827646902,1.0,461.0,0.8957943076758564,1.0,3,1,3,2,4,1
422,sm17629610,97.0,0.9756914358629292,1.0,263.0,1.0127566231297485,0.0,131.0,1.0840843720623388,0.0,2,4,1,5,0,1
423,sm11970630,147.0,0.8086354093644976,1.0,351.0,0.8242723649369896,1.0,123.0,0.8657737335548092,1.0,2,3,1,5,1,1
424,sm16098496,13.0,0.9923123307083676,0.0,181.0,0.9977985372895316,1.0,133.0,1.007242333295261,1.0,0,0,0,0,0,0
425,sm17426140,299.0,0.8487978597768246,1.0,368.0,0.8597550952159759,1.0,271.0,0.909111801526492,1.0,0,7,0,1,2,1
426,sm19870840,383.0,0.7105028866339353,1.0,421.0,0.7494730066994439,1.0,100.0,0.9224048205533254,1.0,3,0,2,0,8,1
427,sm26882240,268.0,0.8370267933435328,1.0,121.0,0.8830776709542294,1.0,272.0,0.9665353830855232,0.0,0,5,0,1,4,1
428,sm20825700,296.0,0.6558697191513239,1.0,245.0,0.897550996152247,1.0,52.0,0.9018569812568792,1.0,0,7,1,2,0,1
429,sm27561590,373.0,0.6232125696526796,1.0,35.0,0.675364353793113,1.0,279.0,0.7131665893574636,1.0,0,0,0,0,0,0
430,sm21564830,410.0,0.9189887738793548,1.0,72.0,0.9445495707707336,1.0,224.0,0.9536182103674798,1.0,0,5,0,2,3,1
431,sm15878480,294.0,1.000408140378165,1.0,173.0,1.024702037447571,1.0,91.0,1.0511068328282758,1.0,1,2,6,2,0,1
432,sm20503130,134.0,0.8540391821231782,1.0,330.0,0.8715071739777652,1.0,323.0,0.8779007371210961,0.0,0,5,2,3,0,1
433,sm29133780,85.0,0.7664166870699723,1.0,190.0,0.8315607798637549,1.0,177.0,0.9925591668431698,1.0,2,3,1,4,2,1
434,sm19553310,359.0,0.6183214871176437,1.0,416.0,0.8517711032345553,1.0,160.0,0.8521567322559882,1.0,1,4,5,1,0,1
435,sm29365377,218.0,0.8036135612260322,1.0,458.0,0.8211144774992275,1.0,474.0,0.9110518058083024,1.0,0,0,0,0,0,0
436,sm27587710,243.0,0.6555299016909012,1.0,334.0,0.7205549959752107,1.0,35.0,0.7898144690213903,1.0,0,6,3,0,1,1
437,sm17619510,309.0,0.8021944404377375,1.0,100.0,0.8182205690635687,1.0,114.0,0.8275897868241295,1.0,1,3,5,2,0,1
438,sm20810930,39.0,0.8481002661897216,1.0,134.0,0.8482146061939725,1.0,114.0,0.901569131716808,1.0,3,4,0,0,6,1
439,sm16785026,155.0,0.7633955287934275,1.0,53.0,0.836924373205176,1.0,33.0,0.9482572349984084,1.0,0,4,3,2,1,1
440,sm29662026,22.0,0.8050959779994558,1.0,362.0,0.8099012130028318,1.0,382.0,0.8160956145706676,1.0,2,2,2,5,1,1
441,sm25187377,485.0,0.727311585967602,1.0,82.0,0.7460738817878518,1.0,248.0,0.795845352083203,1.0,0,0,0,0,0,0
442,sm24230880,46.0,0.9836695662294624,1.0,254.0,1.0552860081128768,1.0,414.0,1.0553756898309206,1.0,0,5,0,2,3,1
443,sm21399840,486.0,0.8914590619064159,1.0,209.0,0.9023293775722124,1.0,352.0,0.9043759812865938,1.0,2,1,3,6,0,1
444,sm5733940,350.0,0.9580820038839892,1.0,10.0,0.9647812870178748,1.0,387.0,0.9720278040448196,1.0,2,2,1,5,2,1
445,sm3758450,2.0,0.8234258747036542,1.0,448.0,0.8287849035770672,1.0,406.0,0.9480630404709166,0.0,1,1,4,1,4,1
446,sm23510280,145.0,0.9906975897920174,1.0,482.0,0.993872014572602,0.0,451.0,1.0050410716514817,1.0,3,3,0,2,5,1
447,sm27185070,169.0,0.6814376501480822,1.0,489.0,0.6920579789212121,1.0,320.0,0.7336033192614413,1.0,0,7,0,2,1,1
448,sm5483070,2.0,0.550826868539974,1.0,445.0,0.8287849035770672,1.0,252.0,0.8291588553821578,1.0,3,1,1,2,6,1
449,sm12433660,365.0,0.8955524944438908,1.0,90.0,0.936952455860313,1.0,105.0,1.0105199545103187,0.0,0,0,0,0,0,0
450,sm26336520,314.0,0.6175770831442293,1.0,57.0,0.662656422145456,1.0,104.0,0.8149664095664885,1.0,0,6,0,2,2,1
451,sm25139160,137.0,0.6995313025708971,1.0,66.0,0.7412232851951428,1.0,376.0,0.7723275443100686,1.0,0,7,0,1,2,1
452,sm1697040,290.0,0.6338802112658717,1.0,217.0,0.9268366854099488,1.0,19.0,0.9438761344188454,1.0,0,6,3,1,0,1
453,sm11613020,410.0,0.8711651858858986,1.0,224.0,0.9248503506960724,1.0,425.0,0.9411430789593628,1.0,3,2,0,1,7,1
454,sm19881130,79.0,1.066682605126258,0.0,144.0,1.070390414364888,0.0,140.0,1.0788618694498555,1.0,1,4,5,1,0,1
455,sm38368400,308.0,0.8154119833372371,1.0,139.0,0.9890213896841202,0.0,202.0,1.0040647253049837,0.0,0,0,0,0,0,0
456,sm3430740,132.0,0.9056641066753564,1.0,125.0,0.9887956995877089,1.0,178.0,0.9987290844340874,1.0,1,4,6,0,0,1
457,sm18991041,406.0,0.851392369752118,1.0,59.0,0.8593841653091859,1.0,206.0,0.8666198712363127,1.0,1,2,4,2,2,1
458,sm28698420,218.0,0.4544269180107434,1.0,298.0,0.7811717781213664,1.0,435.0,0.8211144774992275,1.0,1,4,6,0,0,1
459,sm20571480,494.0,0.8278147962351384,1.0,388.0,0.8562816867906876,1.0,61.0,0.9352490021687964,1.0,2,3,0,5,2,1
460,sm24548980,211.0,0.8294383506571017,1.0,110.0,0.9083139969138696,1.0,272.0,0.936964650935854,0.0,0,6,0,2,2,1
461,sm25872280,134.0,0.8083402518869606,1.0,326.0,0.827173407239201,1.0,437.0,0.8310322357043286,1.0,1,0,5,1,4,1
462,sm4310110,209.0,0.8501514430699695,1.0,125.0,0.9551632526816626,1.0,443.0,0.9775517208581186,1.0,2,2,3,4,1,1
463,sm34351020,168.0,0.830212390864432,0.0,327.0,0.8597830217282634,1.0,238.0,0.8703354398743627,0.0,2,2,3,5,0,1
464,sm4030410,27.0,1.0856766640613906,0.0,17.0,1.0867443096006242,0.0,43.0,1.0904213453797575,0.0,0,7,1,2,0,1
465,sm22644540,52.0,0.6881795488502224,1.0,212.0,0.7068087583932096,1.0,358.0,0.7544564451052218,1.0,0,8,0,2,0,1
466,sm35840490,219.0,1.0107907045525313,1.0,51.0,1.022324312207928,1.0,248.0,1.076287252621542,0.0,2,0,2,7,1,1
467,so19177690,74.0,0.6578125912345939,1.0,223.0,0.7497030861741575,1.0,20.0,0.7527342171571637,1.0,0,6,4,0,0,1
468,sm18473280,166.0,0.6314078324574549,1.0,264.0,0.635767274318096,1.0,77.0,0.660255410304482,1.0,2,3,3,4,0,1
469,sm27782950,234.0,1.045230753932559,1.0,34.0,1.0481923435291636,0.0,122.0,1.0901278996924315,0.0,0,8,0,2,0,1
470,sm35829317,398.0,0.8518480969164675,1.0,327.0,0.9677708912123398,1.0,407.0,0.9796071227604308,1.0,1,2,8,0,0,1
471,sm2193140,325.0,1.0458311750946283,1.0,399.0,1.0577015313313172,0.0,182.0,1.068930404223972,0.0,0,0,0,0,0,0
472,sm5848560,53.0,0.9351876315439748,1.0,252.0,0.9623846865102422,0.0,134.0,0.9694132308907136,0.0,1,2,6,2,0,1
473,sm6290451,343.0,0.8759029233624356,1.0,264.0,0.8797067730360946,1.0,79.0,0.933586870515568,1.0,2,3,2,5,0,1
474,sm29681980,218.0,0.8796148354948856,1.0,458.0,0.8937183398046181,1.0,435.0,0.9110518058083024,1.0,2,0,2,8,0,1
475,sm8839280,473.0,0.995896194094587,1.0,374.0,0.9992629637108564,1.0,144.0,1.0007044143814845,1.0,2,4,0,5,1,1
476,sm30786580,361.0,0.8587084236630836,1.0,251.0,0.8942841186791298,1.0,231.0,0.9694869677531994,1.0,1,4,6,0,0,1
477,sm3338980,131.0,0.9624798580016668,1.0,481.0,1.044045497565903,0.0,341.0,1.0570323978636602,1.0,2,2,2,6,0,1
478,sm11045496,166.0,0.4308609725730368,1.0,198.0,0.5735998134820821,1.0,468.0,0.7338460312969793,1.0,2,2,1,7,0,1
479,sm24102047,391.0,0.7672924898922961,1.0,337.0,0.7788416700175759,1.0,322.0,0.8761619632163571,1.0,2,3,0,7,0,1
480,sm29324276,382.0,0.938179996993189,1.0,261.0,0.9395378389555246,1.0,196.0,0.9742261967264682,1.0,0,5,1,2,2,1
481,sm7415020,2.0,0.803534167088197,1.0,252.0,0.8675822798402156,1.0,94.0,0.910181301937589,1.0,3,0,1,3,6,1
482,sm17378290,199.0,0.801700601673091,1.0,318.0,0.8604223791686012,1.0,228.0,0.9282496811695332,1.0,0,6,0,4,0,1
483,sm27620680,11.0,0.9635430336736328,1.0,90.0,1.00480997832972,0.0,1.0,1.0185635778729245,1.0,1,3,5,2,0,1
484,sm22099720,331.0,0.9256862326420148,1.0,161.0,0.9501735449645016,0.0,300.0,0.9662206541813798,1.0,1,2,5,3,0,1
485,sm25468118,82.0,0.6231083488709674,1.0,295.0,0.7012135152182969,1.0,441.0,0.727311585967602,1.0,2,0,3,6,1,1
486,sm21213049,443.0,0.8914590619064159,1.0,76.0,0.9426336248778612,1.0,246.0,0.9502733669455172,0.0,0,6,0,4,0,1
487,sm2286030,499.0,0.5846941822746858,1.0,30.0,0.6147004715388538,1.0,417.0,0.8882601494772167,1.0,2,2,2,4,2,1
488,sm736760,68.0,0.8477914404443865,1.0,364.0,0.9102500240229512,1.0,416.0,0.9775511625260862,0.0,0,6,2,2,0,1
489,sm27815010,447.0,0.6920579789212121,1.0,169.0,0.7068777796441282,1.0,64.0,0.7650167390468261,1.0,0,7,2,0,1,1
490,sm24460038,148.0,0.8773518443040939,1.0,305.0,0.881287639400763,1.0,62.0,0.9082171879457568,1.0,0,6,2,0,2,1
491,sm11998050,412.0,0.8497910127128523,1.0,402.0,0.969831998508646,0.0,330.0,0.9806216965390846,0.0,1,3,5,1,1,1
492,sm11487190,294.0,0.9143207574244744,1.0,343.0,1.0425724177078766,0.0,449.0,1.0478304178822004,0.0,2,2,0,6,2,1
493,sm20593300,352.0,0.9817670188494138,1.0,443.0,1.035449369260845,1.0,486.0,1.0551653416255424,1.0,2,4,0,6,0,1
494,sm16400790,388.0,0.827682433450316,1.0,459.0,0.8278147962351384,1.0,117.0,0.9742024706055924,1.0,0,4,2,4,0,1
495,sm5408420,19.0,0.7651112473777254,1.0,244.0,0.848523425695038,1.0,354.0,0.8859883267943939,1.0,3,3,0,2,5,1
496,sm10116060,107.0,0.9711966114036348,0.0,28.0,1.019698314241468,1.0,127.0,1.033244202683208,0.0,0,0,0,0,0,0
497,sm20715461,76.0,0.9009932158319496,1.0,352.0,0.9962756127794848,1.0,486.0,1.0216787467038178,1.0,2,2,0,5,3,1
498,sm3120540,392.0,0.8192271211649302,1.0,19.0,0.8764875665506698,1.0,354.0,0.8936057809798168,1.0,2,1,3,5,1,1
499,sm8491290,30.0,0.5476927337256218,1.0,487.0,0.5846941822746858,1.0,417.0,0.7216167874982018,1.0,2,1,3,5,1,1
